[{"model": "users.user", "pk": 1, "fields": {"password": "pbkdf2_sha256$260000$HENYTh2XSefmWfjqa7kd9C$es+EBUGAririt8lS8ToQCjfzf6Ubr5UtAGr+myMS394=", "last_login": "2021-11-22T21:55:28.917Z", "is_superuser": true, "username": "admin", "is_staff": true, "is_active": true, "date_joined": "2021-10-16T13:55:42.717Z", "email": "admin@admin.com", "first_name": "admin", "last_name": "admin", "groups": [], "user_permissions": []}}, {"model": "users.user", "pk": 2, "fields": {"password": "test", "last_login": "2021-10-16T14:08:22Z", "is_superuser": false, "username": "test", "is_staff": false, "is_active": true, "date_joined": "2021-10-16T14:08:14Z", "email": "test@test.com", "first_name": "test", "last_name": "test", "groups": [], "user_permissions": []}}, {"model": "users.user", "pk": 3, "fields": {"password": "pbkdf2_sha256$216000$UPvHFNiqvylP$Sjt6yET99K39FcikJT03Pf/lU7utVCzVJqoru6Jaq+I=", "last_login": "2021-10-17T11:13:56.366Z", "is_superuser": false, "username": "vasya.pupkin", "is_staff": false, "is_active": true, "date_joined": "2021-10-17T11:13:15.957Z", "email": "vpupkin@yandex.ru", "first_name": "Вася", "last_name": "Пупкин", "groups": [], "user_permissions": []}}, {"model": "users.user", "pk": 4, "fields": {"password": "pbkdf2_sha256$260000$KjtvSrYsZsA5MUfKNwsQA2$+oKdsHXNCzdTq0LjSdKd87eRDGV32GHNC7Udyize2XM=", "last_login": "2021-11-29T22:40:34.434Z", "is_superuser": false, "username": "username", "is_staff": false, "is_active": true, "date_joined": "2021-11-29T22:38:50.748Z", "email": "last_name@mail.com", "first_name": "first_name", "last_name": "last_name", "groups": [], "user_permissions": []}}, {"model": "users.follow", "pk": 1, "fields": {"from_user": 2, "to_user": 1, "created": "2021-10-16T14:08:42.018Z"}}, {"model": "users.follow", "pk": 3, "fields": {"from_user": 1, "to_user": 2, "created": "2021-10-16T14:52:34.318Z"}}, {"model": "users.follow", "pk": 4, "fields": {"from_user": 3, "to_user": 1, "created": "2021-10-17T12:04:26.867Z"}}, {"model": "users.follow", "pk": 5, "fields": {"from_user": 3, "to_user": 2, "created": "2021-10-17T12:07:35.367Z"}}, {"model": "recipes.userfavorites", "pk": 1, "fields": {}}, {"model": "recipes.userfavorites", "pk": 2, "fields": {}}, {"model": "recipes.userfavorites", "pk": 3, "fields": {}}, {"model": "recipes.userfavorites", "pk": 4, "fields": {}}, {"model": "recipes.usershoppingcart", "pk": 1, "fields": {}}, {"model": "recipes.usershoppingcart", "pk": 2, "fields": {}}, {"model": "recipes.usershoppingcart", "pk": 3, "fields": {}}, {"model": "recipes.usershoppingcart", "pk": 4, "fields": {}}, {"model": "recipes.shoppingcartrecipe", "pk": 8, "fields": {"shopping_cart": 1, "recipe": 12}}, {"model": "recipes.shoppingcartrecipe", "pk": 9, "fields": {"shopping_cart": 1, "recipe": 11}}, {"model": "recipes.shoppingcartrecipe", "pk": 10, "fields": {"shopping_cart": 1, "recipe": 13}}, {"model": "recipes.shoppingcartrecipe", "pk": 11, "fields": {"shopping_cart": 3, "recipe": 13}}, {"model": "recipes.shoppingcartrecipe", "pk": 12, "fields": {"shopping_cart": 4, "recipe": 12}}, {"model": "recipes.shoppingcartrecipe", "pk": 13, "fields": {"shopping_cart": 4, "recipe": 11}}, {"model": "recipes.shoppingcartrecipe", "pk": 14, "fields": {"shopping_cart": 2, "recipe": 13}}, {"model": "recipes.shoppingcartrecipe", "pk": 15, "fields": {"shopping_cart": 2, "recipe": 11}}, {"model": "recipes.recipe", "pk": 11, "fields": {"author": 1, "name": "Курица с сахаром", "image": "recipes/images/soo-full.jpg", "text": "Курица с сахаром. Сахар добавить по вкусу.", "cooking_time": 5, "created": "2021-11-30T00:45:13.149Z", "tags": [1, 2, 3]}}, {"model": "recipes.recipe", "pk": 12, "fields": {"author": 3, "name": "Омлет 4 яйца", "image": "recipes/images/b300e18f.jpg", "text": "Классика всех завтраков.", "cooking_time": 5, "created": "2021-11-30T00:46:17.342Z", "tags": [1]}}, {"model": "recipes.recipe", "pk": 13, "fields": {"author": 2, "name": "Морковный пирог", "image": "recipes/images/e6f05f5867187fe19e817eb9f49b309a.png", "text": "Для кого-то покажется сомнительным, а кого-то выручит во время диеты.", "cooking_time": 10, "created": "2021-11-30T00:48:42.951Z", "tags": [1, 2, 3]}}, {"model": "recipes.ingredient", "pk": 1, "fields": {"name": "Курица", "measurement_unit": "кг"}}, {"model": "recipes.ingredient", "pk": 2, "fields": {"name": "Сахар", "measurement_unit": "г"}}, {"model": "recipes.ingredient", "pk": 3, "fields": {"name": "Соль", "measurement_unit": "г"}}, {"model": "recipes.ingredient", "pk": 4, "fields": {"name": "Яйца", "measurement_unit": "шт"}}, {"model": "recipes.ingredient", "pk": 5, "fields": {"name": "Морковь", "measurement_unit": "шт."}}, {"model": "recipes.ingredient", "pk": 6, "fields": {"name": "Мука", "measurement_unit": "г"}}, {"model": "recipes.ingredient", "pk": 7, "fields": {"name": "Молоко", "measurement_unit": "мл"}}, {"model": "recipes.recipeingredient", "pk": 11, "fields": {"recipe": 11, "ingredient": 1, "amount": 1, "created": "2021-11-30T00:45:13.152Z"}}, {"model": "recipes.recipeingredient", "pk": 12, "fields": {"recipe": 11, "ingredient": 2, "amount": 100, "created": "2021-11-30T00:45:13.153Z"}}, {"model": "recipes.recipeingredient", "pk": 13, "fields": {"recipe": 12, "ingredient": 4, "amount": 4, "created": "2021-11-30T00:46:17.344Z"}}, {"model": "recipes.recipeingredient", "pk": 14, "fields": {"recipe": 13, "ingredient": 5, "amount": 100, "created": "2021-11-30T00:48:42.953Z"}}, {"model": "recipes.recipeingredient", "pk": 15, "fields": {"recipe": 13, "ingredient": 6, "amount": 500, "created": "2021-11-30T00:48:42.953Z"}}, {"model": "recipes.recipeingredient", "pk": 16, "fields": {"recipe": 13, "ingredient": 4, "amount": 5, "created": "2021-11-30T00:48:42.954Z"}}, {"model": "recipes.recipeingredient", "pk": 17, "fields": {"recipe": 13, "ingredient": 7, "amount": 200, "created": "2021-11-30T00:48:42.954Z"}}, {"model": "recipes.tag", "pk": 1, "fields": {"name": "Завтрак", "color": "#38FF22", "slug": "breakfast"}}, {"model": "recipes.tag", "pk": 2, "fields": {"name": "Обед", "color": "#FFF72B", "slug": "lunch"}}, {"model": "recipes.tag", "pk": 3, "fields": {"name": "Ужин", "color": "#1D13FF", "slug": "dinner"}}, {"model": "admin.logentry", "pk": 1, "fields": {"action_time": "2021-10-16T14:06:50.168Z", "user": 1, "content_type": 7, "object_id": "1", "object_repr": "Завтрак", "action_flag": 1, "change_message": "[{\"added\": {}}]"}}, {"model": "admin.logentry", "pk": 2, "fields": {"action_time": "2021-10-16T14:07:02.056Z", "user": 1, "content_type": 7, "object_id": "2", "object_repr": "Обед", "action_flag": 1, "change_message": "[{\"added\": {}}]"}}, {"model": "admin.logentry", "pk": 3, "fields": {"action_time": "2021-10-16T14:07:11.073Z", "user": 1, "content_type": 7, "object_id": "3", "object_repr": "Ужин", "action_flag": 1, "change_message": "[{\"added\": {}}]"}}, {"model": "admin.logentry", "pk": 4, "fields": {"action_time": "2021-10-16T14:07:29.569Z", "user": 1, "content_type": 4, "object_id": "1", "object_repr": "Курица, кг", "action_flag": 1, "change_message": "[{\"added\": {}}]"}}, {"model": "admin.logentry", "pk": 5, "fields": {"action_time": "2021-10-16T14:07:32.262Z", "user": 1, "content_type": 4, "object_id": "1", "object_repr": "Курица, кг", "action_flag": 2, "change_message": "[]"}}, {"model": "admin.logentry", "pk": 6, "fields": {"action_time": "2021-10-16T14:07:39.257Z", "user": 1, "content_type": 4, "object_id": "2", "object_repr": "Сахар, г", "action_flag": 1, "change_message": "[{\"added\": {}}]"}}, {"model": "admin.logentry", "pk": 7, "fields": {"action_time": "2021-10-16T14:07:44.452Z", "user": 1, "content_type": 4, "object_id": "3", "object_repr": "Соль, г", "action_flag": 1, "change_message": "[{\"added\": {}}]"}}, {"model": "admin.logentry", "pk": 8, "fields": {"action_time": "2021-10-16T14:07:53.540Z", "user": 1, "content_type": 4, "object_id": "4", "object_repr": "Яйца, шт", "action_flag": 1, "change_message": "[{\"added\": {}}]"}}, {"model": "admin.logentry", "pk": 9, "fields": {"action_time": "2021-10-16T14:08:42.022Z", "user": 1, "content_type": 1, "object_id": "2", "object_repr": "test@test.com", "action_flag": 1, "change_message": "[{\"added\": {}}, {\"added\": {\"name\": \"Follow\", \"object\": \"test@test.com follows admin@admin.com\"}}]"}}, {"model": "admin.logentry", "pk": 10, "fields": {"action_time": "2021-10-16T14:10:03.487Z", "user": 1, "content_type": 5, "object_id": "1", "object_repr": "Курица с сахаром", "action_flag": 1, "change_message": "[{\"added\": {}}, {\"added\": {\"name\": \"Recipe ingredient\", \"object\": \"\\u041a\\u0443\\u0440\\u0438\\u0446\\u0430, 1 \\u043a\\u0433\"}}, {\"added\": {\"name\": \"Recipe ingredient\", \"object\": \"\\u0421\\u0430\\u0445\\u0430\\u0440, 5 \\u0433\"}}]"}}, {"model": "admin.logentry", "pk": 11, "fields": {"action_time": "2021-10-16T14:10:18.588Z", "user": 1, "content_type": 8, "object_id": "2", "object_repr": "UserFavorites object (2)", "action_flag": 1, "change_message": "[{\"added\": {}}, {\"added\": {\"name\": \"User favorite recipe\", \"object\": \"UserFavorites object (2) likes \\u041a\\u0443\\u0440\\u0438\\u0446\\u0430 \\u0441 \\u0441\\u0430\\u0445\\u0430\\u0440\\u043e\\u043c\"}}]"}}, {"model": "admin.logentry", "pk": 12, "fields": {"action_time": "2021-10-16T14:10:24.574Z", "user": 1, "content_type": 8, "object_id": "1", "object_repr": "UserFavorites object (1)", "action_flag": 1, "change_message": "[{\"added\": {}}, {\"added\": {\"name\": \"User favorite recipe\", \"object\": \"UserFavorites object (1) likes \\u041a\\u0443\\u0440\\u0438\\u0446\\u0430 \\u0441 \\u0441\\u0430\\u0445\\u0430\\u0440\\u043e\\u043c\"}}]"}}, {"model": "admin.logentry", "pk": 13, "fields": {"action_time": "2021-11-30T00:43:09.260Z", "user": 1, "content_type": 5, "object_id": "1", "object_repr": "Курица с сахаром", "action_flag": 3, "change_message": ""}}, {"model": "admin.logentry", "pk": 14, "fields": {"action_time": "2021-11-30T00:43:09.264Z", "user": 1, "content_type": 5, "object_id": "2", "object_repr": "string", "action_flag": 3, "change_message": ""}}, {"model": "admin.logentry", "pk": 15, "fields": {"action_time": "2021-11-30T00:43:09.265Z", "user": 1, "content_type": 5, "object_id": "3", "object_repr": "string2", "action_flag": 3, "change_message": ""}}, {"model": "admin.logentry", "pk": 16, "fields": {"action_time": "2021-11-30T00:43:09.266Z", "user": 1, "content_type": 5, "object_id": "4", "object_repr": "string5", "action_flag": 3, "change_message": ""}}, {"model": "admin.logentry", "pk": 17, "fields": {"action_time": "2021-11-30T00:43:09.267Z", "user": 1, "content_type": 5, "object_id": "5", "object_repr": "string6", "action_flag": 3, "change_message": ""}}, {"model": "admin.logentry", "pk": 18, "fields": {"action_time": "2021-11-30T00:43:09.268Z", "user": 1, "content_type": 5, "object_id": "6", "object_repr": "string7", "action_flag": 3, "change_message": ""}}, {"model": "admin.logentry", "pk": 19, "fields": {"action_time": "2021-11-30T00:43:09.269Z", "user": 1, "content_type": 5, "object_id": "7", "object_repr": "string8", "action_flag": 3, "change_message": ""}}, {"model": "admin.logentry", "pk": 20, "fields": {"action_time": "2021-11-30T00:43:09.270Z", "user": 1, "content_type": 5, "object_id": "8", "object_repr": "string9", "action_flag": 3, "change_message": ""}}, {"model": "admin.logentry", "pk": 21, "fields": {"action_time": "2021-11-30T00:43:09.271Z", "user": 1, "content_type": 5, "object_id": "9", "object_repr": "string10", "action_flag": 3, "change_message": ""}}, {"model": "admin.logentry", "pk": 22, "fields": {"action_time": "2021-11-30T00:43:09.272Z", "user": 1, "content_type": 5, "object_id": "10", "object_repr": "string11", "action_flag": 3, "change_message": ""}}, {"model": "admin.logentry", "pk": 23, "fields": {"action_time": "2021-11-30T00:45:13.154Z", "user": 1, "content_type": 5, "object_id": "11", "object_repr": "Курица с сахаром", "action_flag": 1, "change_message": "[{\"added\": {}}, {\"added\": {\"name\": \"Recipe ingredient\", \"object\": \"\\u041a\\u0443\\u0440\\u0438\\u0446\\u0430, 1 \\u043a\\u0433\"}}, {\"added\": {\"name\": \"Recipe ingredient\", \"object\": \"\\u0421\\u0430\\u0445\\u0430\\u0440, 100 \\u0433\"}}]"}}, {"model": "admin.logentry", "pk": 24, "fields": {"action_time": "2021-11-30T00:46:17.345Z", "user": 1, "content_type": 5, "object_id": "12", "object_repr": "Омлет 4 яйца", "action_flag": 1, "change_message": "[{\"added\": {}}, {\"added\": {\"name\": \"Recipe ingredient\", \"object\": \"\\u042f\\u0439\\u0446\\u0430, 4 \\u0448\\u0442\"}}]"}}, {"model": "admin.logentry", "pk": 25, "fields": {"action_time": "2021-11-30T00:48:02.115Z", "user": 1, "content_type": 4, "object_id": "5", "object_repr": "Морковь, шт.", "action_flag": 1, "change_message": "[{\"added\": {}}]"}}, {"model": "admin.logentry", "pk": 26, "fields": {"action_time": "2021-11-30T00:48:17.159Z", "user": 1, "content_type": 4, "object_id": "6", "object_repr": "Мука, г", "action_flag": 1, "change_message": "[{\"added\": {}}]"}}, {"model": "admin.logentry", "pk": 27, "fields": {"action_time": "2021-11-30T00:48:37.036Z", "user": 1, "content_type": 4, "object_id": "7", "object_repr": "Молоко, мл", "action_flag": 1, "change_message": "[{\"added\": {}}]"}}, {"model": "admin.logentry", "pk": 28, "fields": {"action_time": "2021-11-30T00:48:42.955Z", "user": 1, "content_type": 5, "object_id": "13", "object_repr": "Морковный пирог", "action_flag": 1, "change_message": "[{\"added\": {}}, {\"added\": {\"name\": \"Recipe ingredient\", \"object\": \"\\u041c\\u043e\\u0440\\u043a\\u043e\\u0432\\u044c, 100 \\u0448\\u0442.\"}}, {\"added\": {\"name\": \"Recipe ingredient\", \"object\": \"\\u041c\\u0443\\u043a\\u0430, 500 \\u0433\"}}, {\"added\": {\"name\": \"Recipe ingredient\", \"object\": \"\\u042f\\u0439\\u0446\\u0430, 5 \\u0448\\u0442\"}}, {\"added\": {\"name\": \"Recipe ingredient\", \"object\": \"\\u041c\\u043e\\u043b\\u043e\\u043a\\u043e, 200 \\u043c\\u043b\"}}]"}}, {"model": "admin.logentry", "pk": 29, "fields": {"action_time": "2021-11-30T00:49:02.520Z", "user": 1, "content_type": 16, "object_id": "1", "object_repr": "Корзина покупок пользователя admin", "action_flag": 2, "change_message": "[{\"added\": {\"name\": \"Shopping cart recipe\", \"object\": \"\\u041e\\u043c\\u043b\\u0435\\u0442 4 \\u044f\\u0439\\u0446\\u0430 added to admin shopping cart\"}}, {\"added\": {\"name\": \"Shopping cart recipe\", \"object\": \"\\u041a\\u0443\\u0440\\u0438\\u0446\\u0430 \\u0441 \\u0441\\u0430\\u0445\\u0430\\u0440\\u043e\\u043c added to admin shopping cart\"}}, {\"added\": {\"name\": \"Shopping cart recipe\", \"object\": \"\\u041c\\u043e\\u0440\\u043a\\u043e\\u0432\\u043d\\u044b\\u0439 \\u043f\\u0438\\u0440\\u043e\\u0433 added to admin shopping cart\"}}]"}}, {"model": "admin.logentry", "pk": 30, "fields": {"action_time": "2021-11-30T00:49:07.790Z", "user": 1, "content_type": 16, "object_id": "3", "object_repr": "Корзина покупок пользователя vasya.pupkin", "action_flag": 2, "change_message": "[{\"added\": {\"name\": \"Shopping cart recipe\", \"object\": \"\\u041c\\u043e\\u0440\\u043a\\u043e\\u0432\\u043d\\u044b\\u0439 \\u043f\\u0438\\u0440\\u043e\\u0433 added to vasya.pupkin shopping cart\"}}]"}}, {"model": "admin.logentry", "pk": 31, "fields": {"action_time": "2021-11-30T00:49:16.384Z", "user": 1, "content_type": 16, "object_id": "4", "object_repr": "Корзина покупок пользователя username", "action_flag": 2, "change_message": "[{\"added\": {\"name\": \"Shopping cart recipe\", \"object\": \"\\u041e\\u043c\\u043b\\u0435\\u0442 4 \\u044f\\u0439\\u0446\\u0430 added to username shopping cart\"}}, {\"added\": {\"name\": \"Shopping cart recipe\", \"object\": \"\\u041a\\u0443\\u0440\\u0438\\u0446\\u0430 \\u0441 \\u0441\\u0430\\u0445\\u0430\\u0440\\u043e\\u043c added to username shopping cart\"}}]"}}, {"model": "admin.logentry", "pk": 32, "fields": {"action_time": "2021-11-30T00:49:33.635Z", "user": 1, "content_type": 16, "object_id": "2", "object_repr": "Корзина покупок пользователя test", "action_flag": 1, "change_message": "[{\"added\": {}}]"}}, {"model": "admin.logentry", "pk": 33, "fields": {"action_time": "2021-11-30T00:49:43.722Z", "user": 1, "content_type": 16, "object_id": "2", "object_repr": "Корзина покупок пользователя test", "action_flag": 2, "change_message": "[{\"added\": {\"name\": \"Shopping cart recipe\", \"object\": \"\\u041c\\u043e\\u0440\\u043a\\u043e\\u0432\\u043d\\u044b\\u0439 \\u043f\\u0438\\u0440\\u043e\\u0433 added to test shopping cart\"}}, {\"added\": {\"name\": \"Shopping cart recipe\", \"object\": \"\\u041a\\u0443\\u0440\\u0438\\u0446\\u0430 \\u0441 \\u0441\\u0430\\u0445\\u0430\\u0440\\u043e\\u043c added to test shopping cart\"}}]"}}, {"model": "auth.permission", "pk": 1, "fields": {"name": "Can add user", "content_type": 1, "codename": "add_user"}}, {"model": "auth.permission", "pk": 2, "fields": {"name": "Can change user", "content_type": 1, "codename": "change_user"}}, {"model": "auth.permission", "pk": 3, "fields": {"name": "Can delete user", "content_type": 1, "codename": "delete_user"}}, {"model": "auth.permission", "pk": 4, "fields": {"name": "Can view user", "content_type": 1, "codename": "view_user"}}, {"model": "auth.permission", "pk": 5, "fields": {"name": "Can add Follow", "content_type": 2, "codename": "add_follow"}}, {"model": "auth.permission", "pk": 6, "fields": {"name": "Can change Follow", "content_type": 2, "codename": "change_follow"}}, {"model": "auth.permission", "pk": 7, "fields": {"name": "Can delete Follow", "content_type": 2, "codename": "delete_follow"}}, {"model": "auth.permission", "pk": 8, "fields": {"name": "Can view Follow", "content_type": 2, "codename": "view_follow"}}, {"model": "auth.permission", "pk": 9, "fields": {"name": "Can add User favorite recipe", "content_type": 3, "codename": "add_favoriterecipe"}}, {"model": "auth.permission", "pk": 10, "fields": {"name": "Can change User favorite recipe", "content_type": 3, "codename": "change_favoriterecipe"}}, {"model": "auth.permission", "pk": 11, "fields": {"name": "Can delete User favorite recipe", "content_type": 3, "codename": "delete_favoriterecipe"}}, {"model": "auth.permission", "pk": 12, "fields": {"name": "Can view User favorite recipe", "content_type": 3, "codename": "view_favoriterecipe"}}, {"model": "auth.permission", "pk": 13, "fields": {"name": "Can add Ingredient", "content_type": 4, "codename": "add_ingredient"}}, {"model": "auth.permission", "pk": 14, "fields": {"name": "Can change Ingredient", "content_type": 4, "codename": "change_ingredient"}}, {"model": "auth.permission", "pk": 15, "fields": {"name": "Can delete Ingredient", "content_type": 4, "codename": "delete_ingredient"}}, {"model": "auth.permission", "pk": 16, "fields": {"name": "Can view Ingredient", "content_type": 4, "codename": "view_ingredient"}}, {"model": "auth.permission", "pk": 17, "fields": {"name": "Can add Recipe", "content_type": 5, "codename": "add_recipe"}}, {"model": "auth.permission", "pk": 18, "fields": {"name": "Can change Recipe", "content_type": 5, "codename": "change_recipe"}}, {"model": "auth.permission", "pk": 19, "fields": {"name": "Can delete Recipe", "content_type": 5, "codename": "delete_recipe"}}, {"model": "auth.permission", "pk": 20, "fields": {"name": "Can view Recipe", "content_type": 5, "codename": "view_recipe"}}, {"model": "auth.permission", "pk": 21, "fields": {"name": "Can add Recipe ingredient", "content_type": 6, "codename": "add_recipeingredient"}}, {"model": "auth.permission", "pk": 22, "fields": {"name": "Can change Recipe ingredient", "content_type": 6, "codename": "change_recipeingredient"}}, {"model": "auth.permission", "pk": 23, "fields": {"name": "Can delete Recipe ingredient", "content_type": 6, "codename": "delete_recipeingredient"}}, {"model": "auth.permission", "pk": 24, "fields": {"name": "Can view Recipe ingredient", "content_type": 6, "codename": "view_recipeingredient"}}, {"model": "auth.permission", "pk": 25, "fields": {"name": "Can add Tag", "content_type": 7, "codename": "add_tag"}}, {"model": "auth.permission", "pk": 26, "fields": {"name": "Can change Tag", "content_type": 7, "codename": "change_tag"}}, {"model": "auth.permission", "pk": 27, "fields": {"name": "Can delete Tag", "content_type": 7, "codename": "delete_tag"}}, {"model": "auth.permission", "pk": 28, "fields": {"name": "Can view Tag", "content_type": 7, "codename": "view_tag"}}, {"model": "auth.permission", "pk": 29, "fields": {"name": "Can add user favorites", "content_type": 8, "codename": "add_userfavorites"}}, {"model": "auth.permission", "pk": 30, "fields": {"name": "Can change user favorites", "content_type": 8, "codename": "change_userfavorites"}}, {"model": "auth.permission", "pk": 31, "fields": {"name": "Can delete user favorites", "content_type": 8, "codename": "delete_userfavorites"}}, {"model": "auth.permission", "pk": 32, "fields": {"name": "Can view user favorites", "content_type": 8, "codename": "view_userfavorites"}}, {"model": "auth.permission", "pk": 33, "fields": {"name": "Can add log entry", "content_type": 9, "codename": "add_logentry"}}, {"model": "auth.permission", "pk": 34, "fields": {"name": "Can change log entry", "content_type": 9, "codename": "change_logentry"}}, {"model": "auth.permission", "pk": 35, "fields": {"name": "Can delete log entry", "content_type": 9, "codename": "delete_logentry"}}, {"model": "auth.permission", "pk": 36, "fields": {"name": "Can view log entry", "content_type": 9, "codename": "view_logentry"}}, {"model": "auth.permission", "pk": 37, "fields": {"name": "Can add permission", "content_type": 10, "codename": "add_permission"}}, {"model": "auth.permission", "pk": 38, "fields": {"name": "Can change permission", "content_type": 10, "codename": "change_permission"}}, {"model": "auth.permission", "pk": 39, "fields": {"name": "Can delete permission", "content_type": 10, "codename": "delete_permission"}}, {"model": "auth.permission", "pk": 40, "fields": {"name": "Can view permission", "content_type": 10, "codename": "view_permission"}}, {"model": "auth.permission", "pk": 41, "fields": {"name": "Can add group", "content_type": 11, "codename": "add_group"}}, {"model": "auth.permission", "pk": 42, "fields": {"name": "Can change group", "content_type": 11, "codename": "change_group"}}, {"model": "auth.permission", "pk": 43, "fields": {"name": "Can delete group", "content_type": 11, "codename": "delete_group"}}, {"model": "auth.permission", "pk": 44, "fields": {"name": "Can view group", "content_type": 11, "codename": "view_group"}}, {"model": "auth.permission", "pk": 45, "fields": {"name": "Can add content type", "content_type": 12, "codename": "add_contenttype"}}, {"model": "auth.permission", "pk": 46, "fields": {"name": "Can change content type", "content_type": 12, "codename": "change_contenttype"}}, {"model": "auth.permission", "pk": 47, "fields": {"name": "Can delete content type", "content_type": 12, "codename": "delete_contenttype"}}, {"model": "auth.permission", "pk": 48, "fields": {"name": "Can view content type", "content_type": 12, "codename": "view_contenttype"}}, {"model": "auth.permission", "pk": 49, "fields": {"name": "Can add session", "content_type": 13, "codename": "add_session"}}, {"model": "auth.permission", "pk": 50, "fields": {"name": "Can change session", "content_type": 13, "codename": "change_session"}}, {"model": "auth.permission", "pk": 51, "fields": {"name": "Can delete session", "content_type": 13, "codename": "delete_session"}}, {"model": "auth.permission", "pk": 52, "fields": {"name": "Can view session", "content_type": 13, "codename": "view_session"}}, {"model": "auth.permission", "pk": 53, "fields": {"name": "Can add Token", "content_type": 14, "codename": "add_token"}}, {"model": "auth.permission", "pk": 54, "fields": {"name": "Can change Token", "content_type": 14, "codename": "change_token"}}, {"model": "auth.permission", "pk": 55, "fields": {"name": "Can delete Token", "content_type": 14, "codename": "delete_token"}}, {"model": "auth.permission", "pk": 56, "fields": {"name": "Can view Token", "content_type": 14, "codename": "view_token"}}, {"model": "auth.permission", "pk": 57, "fields": {"name": "Can add Shopping cart recipe", "content_type": 15, "codename": "add_shoppingcartrecipe"}}, {"model": "auth.permission", "pk": 58, "fields": {"name": "Can change Shopping cart recipe", "content_type": 15, "codename": "change_shoppingcartrecipe"}}, {"model": "auth.permission", "pk": 59, "fields": {"name": "Can delete Shopping cart recipe", "content_type": 15, "codename": "delete_shoppingcartrecipe"}}, {"model": "auth.permission", "pk": 60, "fields": {"name": "Can view Shopping cart recipe", "content_type": 15, "codename": "view_shoppingcartrecipe"}}, {"model": "auth.permission", "pk": 61, "fields": {"name": "Can add User shopping cart", "content_type": 16, "codename": "add_usershoppingcart"}}, {"model": "auth.permission", "pk": 62, "fields": {"name": "Can change User shopping cart", "content_type": 16, "codename": "change_usershoppingcart"}}, {"model": "auth.permission", "pk": 63, "fields": {"name": "Can delete User shopping cart", "content_type": 16, "codename": "delete_usershoppingcart"}}, {"model": "auth.permission", "pk": 64, "fields": {"name": "Can view User shopping cart", "content_type": 16, "codename": "view_usershoppingcart"}}, {"model": "contenttypes.contenttype", "pk": 1, "fields": {"app_label": "users", "model": "user"}}, {"model": "contenttypes.contenttype", "pk": 2, "fields": {"app_label": "users", "model": "follow"}}, {"model": "contenttypes.contenttype", "pk": 3, "fields": {"app_label": "recipes", "model": "favoriterecipe"}}, {"model": "contenttypes.contenttype", "pk": 4, "fields": {"app_label": "recipes", "model": "ingredient"}}, {"model": "contenttypes.contenttype", "pk": 5, "fields": {"app_label": "recipes", "model": "recipe"}}, {"model": "contenttypes.contenttype", "pk": 6, "fields": {"app_label": "recipes", "model": "recipeingredient"}}, {"model": "contenttypes.contenttype", "pk": 7, "fields": {"app_label": "recipes", "model": "tag"}}, {"model": "contenttypes.contenttype", "pk": 8, "fields": {"app_label": "recipes", "model": "userfavorites"}}, {"model": "contenttypes.contenttype", "pk": 9, "fields": {"app_label": "admin", "model": "logentry"}}, {"model": "contenttypes.contenttype", "pk": 10, "fields": {"app_label": "auth", "model": "permission"}}, {"model": "contenttypes.contenttype", "pk": 11, "fields": {"app_label": "auth", "model": "group"}}, {"model": "contenttypes.contenttype", "pk": 12, "fields": {"app_label": "contenttypes", "model": "contenttype"}}, {"model": "contenttypes.contenttype", "pk": 13, "fields": {"app_label": "sessions", "model": "session"}}, {"model": "contenttypes.contenttype", "pk": 14, "fields": {"app_label": "authtoken", "model": "token"}}, {"model": "contenttypes.contenttype", "pk": 15, "fields": {"app_label": "recipes", "model": "shoppingcartrecipe"}}, {"model": "contenttypes.contenttype", "pk": 16, "fields": {"app_label": "recipes", "model": "usershoppingcart"}}, {"model": "sessions.session", "pk": "9n7eucowzfwvpcw2ye4yc9sfdivapmhs", "fields": {"session_data": ".eJxVjE0OwiAYBe_C2hABW8Cle89Avj-kaiAp7cp4d23ShW7fzLyXSrAuJa1d5jSxOiujDr8bAj2kboDvUG9NU6vLPKHeFL3Trq-N5XnZ3b-DAr18axyAMJ4CObaYOfCYicxINliyXnzIjNa5ozOCiOStADAaochuiMap9wcb-TlC:1mpHHc:sVn17i0om78ude_3vHgHZ4zjfM6RbrEnRCFZkVTQMks", "expire_date": "2021-12-06T21:55:28.920Z"}}, {"model": "sessions.session", "pk": "mhfshmq85b9iju7ei02hxbbe2ax1wcgm", "fields": {"session_data": ".eJxVjMsOwiAQRf-FtSHAtDxcuvcbyMAMUjU0Ke3K-O_apAvd3nPOfYmI21rj1nmJE4mz0OL0uyXMD247oDu22yzz3NZlSnJX5EG7vM7Ez8vh_h1U7PVbO9SjZXYeNRiPDAOb4MbiHNgwQFaYCwU2ZD1TQKVKKIltggDWZtTi_QHe6jgZ:1mbkKP:MHh-feSu1viKPdhmknBz9ZGwb_K1_uscMfzobLze5w0", "expire_date": "2021-10-30T14:06:25.875Z"}}, {"model": "sessions.session", "pk": "xz5xm4ukddkowjlvy5dcdilz9mx1wzc3", "fields": {"session_data": ".eJxVjE0OwiAYBe_C2hABW8Cle89Avj-kaiAp7cp4d23ShW7fzLyXSrAuJa1d5jSxOiujDr8bAj2kboDvUG9NU6vLPKHeFL3Trq-N5XnZ3b-DAr18axyAMJ4CObaYOfCYicxINliyXnzIjNa5ozOCiOStADAaochuiMap9wcb-TlC:1mf7qp:-ltDBpLghifnW-mcNcLiqErgFUUTnTtrMWGPTQY_8mI", "expire_date": "2021-11-08T21:49:51.391Z"}}, {"model": "authtoken.token", "pk": "2bf749528bf4c4715fa0e3cffbe07a9371151262", "fields": {"user": 1, "created": "2021-10-16T13:56:12.078Z"}}, {"model": "authtoken.token", "pk": "38f048e3067b41db39812c05b7a00521e33cd2d8", "fields": {"user": 3, "created": "2021-10-17T11:13:56.363Z"}}, {"model": "authtoken.token", "pk": "f8c0df1e087afa339f374ed54bc74d8b6be8cfb4", "fields": {"user": 4, "created": "2021-11-29T22:40:34.431Z"}}]